-- phpMyAdmin SQL Dump
-- version 5.0.2
-- https://www.phpmyadmin.net/
--
-- Host: 127.0.0.1
-- Generation Time: Oct 04, 2020 at 10:37 AM
-- Server version: 10.4.13-MariaDB
-- PHP Version: 7.3.20

SET SQL_MODE = "NO_AUTO_VALUE_ON_ZERO";
START TRANSACTION;
SET time_zone = "+00:00";


/*!40101 SET @OLD_CHARACTER_SET_CLIENT=@@CHARACTER_SET_CLIENT */;
/*!40101 SET @OLD_CHARACTER_SET_RESULTS=@@CHARACTER_SET_RESULTS */;
/*!40101 SET @OLD_COLLATION_CONNECTION=@@COLLATION_CONNECTION */;
/*!40101 SET NAMES utf8mb4 */;

--
-- Database: `blog_db`
--

-- --------------------------------------------------------

--
-- Table structure for table `tbl_about`
--

CREATE TABLE `tbl_about` (
  `about_id` int(11) NOT NULL,
  `about_image` varchar(100) DEFAULT NULL,
  `about_description` text DEFAULT NULL
) ENGINE=InnoDB DEFAULT CHARSET=latin1;

--
-- Dumping data for table `tbl_about`
--

INSERT INTO `tbl_about` (`about_id`, `about_image`, `about_description`) VALUES
(1, 'about.jpg', 'MBLOG adalah Open Source Source Code untuk personal blog.<br><br>Full responsive dan terlihat memukau pada desktop, tablet, atau perangkat selular apapun.<br><br>Dibangun dengan framework PHP Codeigniter dengan mengikuti standard desain patern MVC, sehingga mudah dikembangkan lebeih lanjut oleh web developer manapun. <br><br>Anda dapat memiliki blog pribadi idaman Anda menggunakan source code ini sekarang juga.<br><br>\r\n');

-- --------------------------------------------------------

--
-- Table structure for table `tbl_category`
--

CREATE TABLE `tbl_category` (
  `category_id` int(11) NOT NULL,
  `category_name` varchar(200) DEFAULT NULL,
  `category_slug` varchar(200) DEFAULT NULL
) ENGINE=InnoDB DEFAULT CHARSET=latin1;

--
-- Dumping data for table `tbl_category`
--

INSERT INTO `tbl_category` (`category_id`, `category_name`, `category_slug`) VALUES
(1, 'Pengembangan diri', 'pengembangan-diri'),
(2, 'Success', 'success'),
(3, 'Tips dan Tricks', 'tips-dan-tricks');

-- --------------------------------------------------------

--
-- Table structure for table `tbl_comment`
--

CREATE TABLE `tbl_comment` (
  `comment_id` int(11) NOT NULL,
  `comment_date` timestamp NULL DEFAULT current_timestamp(),
  `comment_name` varchar(60) DEFAULT NULL,
  `comment_email` varchar(90) DEFAULT NULL,
  `comment_message` text DEFAULT NULL,
  `comment_status` int(11) DEFAULT 0,
  `comment_parent` int(11) DEFAULT 0,
  `comment_post_id` int(11) DEFAULT NULL,
  `comment_image` varchar(50) DEFAULT NULL
) ENGINE=InnoDB DEFAULT CHARSET=latin1;

--
-- Dumping data for table `tbl_comment`
--

INSERT INTO `tbl_comment` (`comment_id`, `comment_date`, `comment_name`, `comment_email`, `comment_message`, `comment_status`, `comment_parent`, `comment_post_id`, `comment_image`) VALUES
(1, '2019-04-07 03:15:05', 'Joko', 'joko@gmail.com', 'Nice Post, thanks', 1, 0, 6, 'user_blank.png'),
(2, '2019-04-12 04:22:34', 'M Fikri', 'fikrifiver97@gmail.com', 'Thank you.<br>', 1, 1, 6, 'fcee14ca639c3ca3c5b93b7c7fc70ba2.png'),
(3, '2019-12-28 07:52:42', 'Name', 'mfikri@gmail.com', 'Nice Post', 1, 0, 2, 'user_blank.png'),
(4, '2019-12-28 08:00:22', 'M Fikri', 'qadalm@gmail.com', 'Nice Article', 1, 0, 2, 'user_blank.png');

-- --------------------------------------------------------

--
-- Table structure for table `tbl_domain`
--

CREATE TABLE `tbl_domain` (
  `id` int(200) NOT NULL,
  `nama_domain` varchar(200) NOT NULL,
  `harga` varchar(200) NOT NULL,
  `ket` varchar(100) NOT NULL
) ENGINE=InnoDB DEFAULT CHARSET=utf8mb4;

--
-- Dumping data for table `tbl_domain`
--

INSERT INTO `tbl_domain` (`id`, `nama_domain`, `harga`, `ket`) VALUES
(1, '.com', '147.500', ''),
(2, '.net', '180.500', ''),
(3, '.org', '202.500', ''),
(4, '.info', '202.500', ''),
(5, '.in', '175.000', ''),
(6, '.asia', '202.500', ''),
(7, '.web.id', '70.500', ''),
(8, '.co.id', '312.500', ''),
(9, '.sch.id', '70.500', ''),
(10, '.or.id', '70.500', ''),
(11, '.ac.id', '70.500', ''),
(12, '.biz.id', '70.500', ''),
(13, '.my.id', '37.500', ''),
(14, '.mobi', '263.000', ''),
(15, '.ws', '285.000', ''),
(16, '.technology', '263.000', ''),
(17, '.bike', '384.000', ''),
(18, '.clothing', '384.000', ''),
(19, '.guru', '384.000', ''),
(20, '.holdings', '626.000', ''),
(21, '.plumbing', '384.000', ''),
(22, '.singles', '384.000', ''),
(23, '.ventures', '626.000', ''),
(24, '.camera', '384.000', ''),
(25, '.equipment', '263.000', ''),
(26, '.estate', '384.000', ''),
(27, '.gallery', '263.000', ''),
(28, '.graphics', '263.000', ''),
(29, '.lighting', '263.000', ''),
(30, '.photography', '263.000', ''),
(31, '.diamonds', '626.000', ''),
(32, '.enterprises', '384.000', ''),
(33, '.tips', '263.000', ''),
(34, '.voyage', '626.000', ''),
(35, '.construction', '384.000', ''),
(36, '.contractors', '384.000', ''),
(37, '.directory', '263.000', ''),
(38, '.kitchen', '384.000', ''),
(39, '.land', '384.000', ''),
(40, '.today', '263.000', ''),
(41, '.biz', '202.500', ''),
(42, '.co', '439.000', ''),
(43, '.me', '356.500', ''),
(44, '.name', '140.900', ''),
(45, '.careers', '626.000', ''),
(46, '.shoes', '384.000', ''),
(47, '.photos', '263.000', ''),
(48, '.id', '230.000', ''),
(49, '.company', '263.000', ''),
(50, '.computer', '384.000', ''),
(51, '.domains', '384.000', ''),
(52, '.email', '263.000', ''),
(53, '.systems', '263.000', ''),
(54, '.academy', '384.000', ''),
(55, '.recipes', '626.000', ''),
(56, '.menu', '472.000', ''),
(57, '.builders', '384.000', ''),
(58, '.cab', '384.000', ''),
(59, '.limo', '626.000', ''),
(60, '.solutions', '263.000', ''),
(61, '.center', '263.000', ''),
(62, '.support', '263.000', ''),
(63, '.management', '263.000', ''),
(64, '.training', '384.000', ''),
(65, '.camp', '384.000', ''),
(66, '.education', '263.000', ''),
(67, '.glass', '384.000', ''),
(68, '.repair', '384.000', ''),
(69, '.institute', '263.000', ''),
(70, '.coffee', '384.000', ''),
(71, '.florist', '384.000', ''),
(72, '.house', '384.000', ''),
(73, '.solar', '384.000', ''),
(74, '.international', '263.000', ''),
(75, '.marketing', '384.000', ''),
(76, '.holiday', '626.000', ''),
(77, '.codes', '626.000', ''),
(78, '.viajes', '626.000', ''),
(79, '.farm', '384.000', ''),
(80, '.uno', '400.500', ''),
(81, '.buzz', '450.000', ''),
(82, '.club', '158.500', ''),
(83, '.agency', '263.000', ''),
(84, '.bargains', '384.000', ''),
(85, '.boutique', '384.000', ''),
(86, '.cheap', '384.000', ''),
(87, '.zone', '384.000', ''),
(88, '.cool', '384.000', ''),
(89, '.watch', '384.000', ''),
(90, '.ninja', '472.000', ''),
(91, '.reviews', '571.000', ''),
(92, '.dance', '571.000', ''),
(93, '.futbol', '318.000', ''),
(94, '.works', '384.000', ''),
(95, '.expert', '626.000', ''),
(96, '.wiki', '367.500', ''),
(97, '.foundation', '384.000', ''),
(98, '.exposed', '263.000', ''),
(99, '.cruises', '626.000', ''),
(100, '.flights', '626.000', ''),
(101, '.rentals', '384.000', ''),
(102, '.vacations', '384.000', ''),
(103, '.villas', '626.000', ''),
(104, '.tienda', '626.000', ''),
(105, '.condos', '626.000', ''),
(106, '.properties', '384.000', ''),
(107, '.maison', '626.000', ''),
(108, '.pink', '194.800', ''),
(109, '.red', '194.800', ''),
(110, '.shiksha', '194.800', ''),
(111, '.kim', '194.800', ''),
(112, '.blue', '194.800', ''),
(113, '.xyz', '29.800', ''),
(114, '.dating', '626.000', ''),
(115, '.events', '384.000', ''),
(116, '.partners', '626.000', ''),
(117, '.productions', '384.000', ''),
(118, '.bid', '271.800', ''),
(119, '.trade', '271.800', ''),
(120, '.webcam', '271.800', ''),
(121, '.rest', '472.000', ''),
(122, '.moda', '571.000', ''),
(123, '.supplies', '263.000', ''),
(124, '.supply', '263.000', ''),
(125, '.fish', '384.000', ''),
(126, '.report', '263.000', ''),
(127, '.vision', '384.000', ''),
(128, '.opr', '179.400', ''),
(129, '.services', '384.000', ''),
(130, '.capital', '626.000', ''),
(131, '.engineering', '626.000', ''),
(132, '.exchange', '384.000', ''),
(133, '.gripe', '384.000', ''),
(134, '.associates', '384.000', ''),
(135, '.lease', '626.000', ''),
(136, '.media', '384.000', ''),
(137, '.reisen', '263.000', ''),
(138, '.toys', '428.000', ''),
(139, '.university', '626.000', ''),
(140, '.town', '384.000', ''),
(141, '.cash', '384.000', ''),
(142, '.fund', '626.000', ''),
(143, '.investments', '626.000', ''),
(144, '.website', '25.400', ''),
(145, '.press', '631.500', ''),
(146, '.consulting', '384.000', ''),
(147, '.top', '45.200', ''),
(148, '.cloud', '153.000', ''),
(149, '.link', '158.500', ''),
(150, '.win', '48.500', ''),
(151, '.space', '25.400', ''),
(152, '.site', '25.400', ''),
(153, '.tech', '43.000', ''),
(154, '.store', '43.000', ''),
(155, '.online', '26.500', ''),
(156, '.work', '120.000', ''),
(157, '.ponpes.id', '65.000', '');

-- --------------------------------------------------------

--
-- Table structure for table `tbl_galery`
--

CREATE TABLE `tbl_galery` (
  `id_gambar` int(11) NOT NULL,
  `nama_gambar` varchar(128) NOT NULL
) ENGINE=InnoDB DEFAULT CHARSET=utf8mb4;

--
-- Dumping data for table `tbl_galery`
--

INSERT INTO `tbl_galery` (`id_gambar`, `nama_gambar`) VALUES
(1, 'gambar1.png'),
(2, 'gambar2.png'),
(5, 'Screenshot_(348).png'),
(6, 'Screenshot_(350).png');

-- --------------------------------------------------------

--
-- Table structure for table `tbl_home`
--

CREATE TABLE `tbl_home` (
  `home_id` int(11) NOT NULL,
  `home_caption_1` varchar(200) DEFAULT NULL,
  `home_caption_2` varchar(200) DEFAULT NULL,
  `home_bg_heading` varchar(50) DEFAULT NULL,
  `home_bg_testimonial` varchar(50) DEFAULT NULL
) ENGINE=InnoDB DEFAULT CHARSET=latin1;

--
-- Dumping data for table `tbl_home`
--

INSERT INTO `tbl_home` (`home_id`, `home_caption_1`, `home_caption_2`, `home_bg_heading`, `home_bg_testimonial`) VALUES
(1, 'Driven . Inspired . Smart', 'Personal Blog', 'image_4.png', 'image_8.png');

-- --------------------------------------------------------

--
-- Table structure for table `tbl_inbox`
--

CREATE TABLE `tbl_inbox` (
  `inbox_id` int(11) NOT NULL,
  `inbox_name` varchar(50) DEFAULT NULL,
  `inbox_email` varchar(80) DEFAULT NULL,
  `inbox_subject` varchar(200) DEFAULT NULL,
  `inbox_message` text DEFAULT NULL,
  `inbox_created_at` timestamp NULL DEFAULT current_timestamp(),
  `inbox_status` varchar(2) DEFAULT '0' COMMENT '0=Unread, 1=Read'
) ENGINE=InnoDB DEFAULT CHARSET=latin1;

--
-- Dumping data for table `tbl_inbox`
--

INSERT INTO `tbl_inbox` (`inbox_id`, `inbox_name`, `inbox_email`, `inbox_subject`, `inbox_message`, `inbox_created_at`, `inbox_status`) VALUES
(1, 'Fikri', 'fikrifiver97@gmail.com', 'Request Artikel', 'Saya mau request artikel tentang mindset.', '2019-04-11 03:46:56', '1');

-- --------------------------------------------------------

--
-- Table structure for table `tbl_navbar`
--

CREATE TABLE `tbl_navbar` (
  `navbar_id` int(11) NOT NULL,
  `navbar_name` varchar(50) DEFAULT NULL,
  `navbar_slug` varchar(200) DEFAULT NULL,
  `navbar_parent_id` int(11) DEFAULT 0
) ENGINE=InnoDB DEFAULT CHARSET=latin1;

--
-- Dumping data for table `tbl_navbar`
--

INSERT INTO `tbl_navbar` (`navbar_id`, `navbar_name`, `navbar_slug`, `navbar_parent_id`) VALUES
(1, 'Home', NULL, 0),
(2, 'About', 'about', 0),
(3, 'Blog', 'blog', 0),
(4, 'Contact', 'contact', 0),
(5, 'Teknologi', 'tag/Teknologi', 3),
(10, 'Success', 'category/success', 3),
(12, 'Galery', 'galery', 0);

-- --------------------------------------------------------

--
-- Table structure for table `tbl_pemesanan_apps`
--

CREATE TABLE `tbl_pemesanan_apps` (
  `id_pesanan` varchar(11) NOT NULL,
  `nama` varchar(128) NOT NULL,
  `email` varchar(128) NOT NULL,
  `layanan` varchar(128) NOT NULL,
  `alamat` varchar(128) NOT NULL,
  `telpon` varchar(128) NOT NULL,
  `harga` int(11) NOT NULL,
  `tanggal` int(11) NOT NULL,
  `konfirmasi` int(11) NOT NULL
) ENGINE=InnoDB DEFAULT CHARSET=utf8mb4;

--
-- Dumping data for table `tbl_pemesanan_apps`
--

INSERT INTO `tbl_pemesanan_apps` (`id_pesanan`, `nama`, `email`, `layanan`, `alamat`, `telpon`, `harga`, `tanggal`, `konfirmasi`) VALUES
('4PRgt3SGiA', 'Dickyfli', 'muaralembu11@gmail.com', 'Maintanance', 'bantul', '219829182981', 90000, 1601749807, 0),
('WhNylBG6x4', 'Dickyfli Perdana Putra', 'Muaralembu11@gmail.com', 'web', 'Bantul', '082386572800', 500000, 1601749971, 1);

-- --------------------------------------------------------

--
-- Table structure for table `tbl_pemesanan_email_vps`
--

CREATE TABLE `tbl_pemesanan_email_vps` (
  `id_pesanan` varchar(128) NOT NULL,
  `nama` varchar(128) NOT NULL,
  `email` varchar(128) NOT NULL,
  `password` varchar(128) NOT NULL,
  `alamat` varchar(128) NOT NULL,
  `layanan` varchar(128) NOT NULL,
  `telpon` varchar(128) NOT NULL,
  `paket` varchar(128) NOT NULL,
  `harga` int(11) NOT NULL,
  `tanggal` varchar(128) NOT NULL,
  `konfirmasi` int(11) NOT NULL
) ENGINE=InnoDB DEFAULT CHARSET=utf8mb4;

--
-- Dumping data for table `tbl_pemesanan_email_vps`
--

INSERT INTO `tbl_pemesanan_email_vps` (`id_pesanan`, `nama`, `email`, `password`, `alamat`, `layanan`, `telpon`, `paket`, `harga`, `tanggal`, `konfirmasi`) VALUES
('QE2bkyRJje', 'Dickyfli Perdana Putra', 'Muaralembu11@gmail.com', 'adasdasdasdasda', 'Bantul', 'Email Hosting', '082386572800', 'mail business extra', 201960, '1601023022', 2);

-- --------------------------------------------------------

--
-- Table structure for table `tbl_pemesanan_hosting_domain`
--

CREATE TABLE `tbl_pemesanan_hosting_domain` (
  `id_pesanan` varchar(128) NOT NULL,
  `nama` varchar(128) NOT NULL,
  `email` varchar(128) NOT NULL,
  `password` varchar(128) NOT NULL,
  `domain` varchar(128) NOT NULL,
  `alamat` varchar(128) NOT NULL,
  `layanan` varchar(128) NOT NULL,
  `paket` varchar(128) NOT NULL,
  `telpon` varchar(128) NOT NULL,
  `tanggal` varchar(128) NOT NULL,
  `harga` int(11) NOT NULL,
  `konfirmasi` int(11) NOT NULL
) ENGINE=InnoDB DEFAULT CHARSET=utf8mb4;

--
-- Dumping data for table `tbl_pemesanan_hosting_domain`
--

INSERT INTO `tbl_pemesanan_hosting_domain` (`id_pesanan`, `nama`, `email`, `password`, `domain`, `alamat`, `layanan`, `paket`, `telpon`, `tanggal`, `harga`, `konfirmasi`) VALUES
('5SqnDE6tdp', 'Dickyfli Perdana Putra', 'Muaralembu11@gmail.com', 'sdadasdadsad', 'dickyfliperdana.com', 'Bantul', 'Unlimited Hosting', 'ultimate', '082386572800', '1600454452', 1094994, 1),
('DNflM5w4ec', 'Dickyfli Perdana Putra', 'Muaralembu11@gmail.com', 'asdasdasdasdasdasdas', 'dickyfli.com', 'Bantul', 'Unlimited Hosting', 'bisnis', '082386572800', '1601024074', 643747, 2),
('M6KthxVZu8', 'Dickyfli Perdana Putra', 'Muaralembu11@gmail.com', 'sadasdsadsadasd', 'dickyfli.org', '', 'Domain', '.org', '082386572800', '1601024226', 202500, 0),
('sK3wHGgJyt', 'Dickyfli Perdana Putra', 'dickyfliperdanaputra@yahoo.com', 'wdqwdqwd', 'dickyfliperdana.net.id', '', 'Unlimited Hosting', 'bisnis', '082386572800', '1600453245', 643747, 0),
('x6DW1PjNrz', 'Dickyfli Perdana Putra', 'Muaralembu11@gmail.com', 'asdsadasdasda', 'dickyfli.org', 'Bantul', 'Domain', '.org', '082386572800', '1601027155', 202500, 0);

-- --------------------------------------------------------

--
-- Table structure for table `tbl_pemesanan_mulmed`
--

CREATE TABLE `tbl_pemesanan_mulmed` (
  `id_pesanan` varchar(128) NOT NULL,
  `nama` varchar(128) NOT NULL,
  `email` varchar(128) NOT NULL,
  `alamat` varchar(128) NOT NULL,
  `layanan` varchar(128) NOT NULL,
  `telpon` int(11) NOT NULL,
  `harga` int(11) NOT NULL,
  `tanggal` varchar(128) NOT NULL,
  `konfirmasi` int(11) NOT NULL
) ENGINE=InnoDB DEFAULT CHARSET=utf8mb4;

--
-- Dumping data for table `tbl_pemesanan_mulmed`
--

INSERT INTO `tbl_pemesanan_mulmed` (`id_pesanan`, `nama`, `email`, `alamat`, `layanan`, `telpon`, `harga`, `tanggal`, `konfirmasi`) VALUES
('dT703PUn5D', 'Dickyfli Perdana Putra', 'Muaralembu11@gmail.com', 'Bantul', 'Design Graphics', 2147483647, 40000, '1601029245', 1);

-- --------------------------------------------------------

--
-- Table structure for table `tbl_post`
--

CREATE TABLE `tbl_post` (
  `post_id` int(11) NOT NULL,
  `post_title` varchar(250) DEFAULT NULL,
  `post_description` text DEFAULT NULL,
  `post_contents` longtext DEFAULT NULL,
  `post_image` varchar(40) DEFAULT NULL,
  `post_date` timestamp NULL DEFAULT current_timestamp(),
  `post_last_update` datetime DEFAULT NULL,
  `post_category_id` int(11) DEFAULT NULL,
  `post_tags` varchar(225) DEFAULT NULL,
  `post_slug` varchar(250) DEFAULT NULL,
  `post_status` int(11) DEFAULT NULL COMMENT '1=Publish, 0=Unpublish',
  `post_views` int(11) DEFAULT 0,
  `post_user_id` int(11) DEFAULT NULL
) ENGINE=InnoDB DEFAULT CHARSET=latin1;

--
-- Dumping data for table `tbl_post`
--

INSERT INTO `tbl_post` (`post_id`, `post_title`, `post_description`, `post_contents`, `post_image`, `post_date`, `post_last_update`, `post_category_id`, `post_tags`, `post_slug`, `post_status`, `post_views`, `post_user_id`) VALUES
(1, 'Bangun Karakter Idaman Anda Dalam 5 Langkah', '', '<p>Ini adalah artikel konten Ini adalah artikel konten Ini adalah artikel konten Ini adalah artikel konten Ini adalah artikel konten Ini adalah artikel konten.</p><p>Ini adalah artikel konten Ini adalah artikel konten Ini adalah artikel konten Ini adalah artikel konten Ini adalah artikel konten.</p><p>Ini adalah artikel konten Ini adalah artikel konten Ini adalah artikel konten Ini adalah artikel konten Ini adalah artikel konten Ini adalah artikel konten.</p><p>Ini adalah artikel konten Ini adalah artikel konten Ini adalah artikel konten Ini adalah artikel konten Ini adalah artikel konten Ini adalah artikel konten Ini adalah artikel konten Ini adalah artikel konten Ini adalah artikel konten Ini adalah artikel konten.</p><h3>Ini adalah Sub Heading&nbsp;</h3><p>Ini adalah artikel konten Ini adalah artikel konten Ini adalah artikel konten Ini adalah artikel konten Ini adalah artikel konten Ini adalah artikel konten Ini adalah artikel konten Ini adalah artikel konten Ini adalah artikel konten Ini adalah artikel konten.</p><p>Ini adalah artikel konten Ini adalah artikel konten Ini adalah artikel konten Ini adalah artikel konten Ini adalah artikel konten Ini adalah artikel konten Ini adalah artikel konten Ini adalah artikel konten Ini adalah artikel konten Ini adalah artikel konten.</p><p>Ini adalah artikel konten Ini adalah artikel konten Ini adalah artikel konten Ini adalah artikel konten Ini adalah artikel konten Ini adalah artikel konten Ini adalah artikel konten Ini adalah artikel konten Ini adalah artikel konten Ini adalah artikel konten.</p><p>Ini adalah artikel konten Ini adalah artikel konten Ini adalah artikel konten Ini adalah artikel konten Ini adalah artikel konten Ini adalah artikel konten Ini adalah artikel konten Ini adalah artikel konten Ini adalah artikel konten Ini adalah artikel konten.</p><p>Ini adalah artikel konten Ini adalah artikel konten Ini adalah artikel konten Ini adalah artikel konten Ini adalah artikel konten Ini adalah artikel konten Ini adalah artikel konten Ini adalah artikel konten Ini adalah artikel konten Ini adalah artikel konten.</p><p>Ini adalah artikel konten Ini adalah artikel konten Ini adalah artikel konten Ini adalah artikel konten Ini adalah artikel konten Ini adalah artikel konten Ini adalah artikel konten Ini adalah artikel konten Ini adalah artikel konten Ini adalah artikel konten.<br></p>', '18f65f55e2bc21c3a54031a74ef6c56c.jpg', '2019-04-05 07:45:42', '2019-04-14 09:07:00', 1, 'Psikologi,Motivasi', 'membangun-karakter', 1, 4, 1),
(2, '7 Tips untuk menemukan passion Anda', '', '<p style=\"outline: 0px !important;\">Ini adalah artikel konten Ini adalah artikel konten Ini adalah artikel konten Ini adalah artikel konten Ini adalah artikel konten Ini adalah artikel konten.</p><p>Ini adalah artikel konten Ini adalah artikel konten Ini adalah artikel konten Ini adalah artikel konten Ini adalah artikel konten.</p><p>Ini adalah artikel konten Ini adalah artikel konten Ini adalah artikel konten Ini adalah artikel konten Ini adalah artikel konten Ini adalah artikel konten.</p><p>Ini adalah artikel konten Ini adalah artikel konten Ini adalah artikel konten Ini adalah artikel konten Ini adalah artikel konten Ini adalah artikel konten Ini adalah artikel konten Ini adalah artikel konten Ini adalah artikel konten Ini adalah artikel konten.</p><h3 style=\"font-family: \" open=\"\" sans\",=\"\" sans-serif;=\"\" color:=\"\" rgb(78,=\"\" 94,=\"\" 106);\"=\"\">Ini adalah Sub Heading&nbsp;</h3><p>Ini adalah artikel konten Ini adalah artikel konten Ini adalah artikel konten Ini adalah artikel konten Ini adalah artikel konten Ini adalah artikel konten Ini adalah artikel konten Ini adalah artikel konten Ini adalah artikel konten Ini adalah artikel konten.</p><p>Ini adalah artikel konten Ini adalah artikel konten Ini adalah artikel konten Ini adalah artikel konten Ini adalah artikel konten Ini adalah artikel konten Ini adalah artikel konten Ini adalah artikel konten Ini adalah artikel konten Ini adalah artikel konten.</p><p>Ini adalah artikel konten Ini adalah artikel konten Ini adalah artikel konten Ini adalah artikel konten Ini adalah artikel konten Ini adalah artikel konten Ini adalah artikel konten Ini adalah artikel konten Ini adalah artikel konten Ini adalah artikel konten.</p><p>Ini adalah artikel konten Ini adalah artikel konten Ini adalah artikel konten Ini adalah artikel konten Ini adalah artikel konten Ini adalah artikel konten Ini adalah artikel konten Ini adalah artikel konten Ini adalah artikel konten Ini adalah artikel konten.</p><p>Ini adalah artikel konten Ini adalah artikel konten Ini adalah artikel konten Ini adalah artikel konten Ini adalah artikel konten Ini adalah artikel konten Ini adalah artikel konten Ini adalah artikel konten Ini adalah artikel konten Ini adalah artikel konten.</p><p>Ini adalah artikel konten Ini adalah artikel konten Ini adalah artikel konten Ini adalah artikel konten Ini adalah artikel konten Ini adalah artikel konten Ini adalah artikel konten Ini adalah artikel konten Ini adalah artikel konten Ini adalah artikel konten.</p>', '787f035149ba2179b8bc4c5ac01c5001.jpg', '2019-04-05 07:52:06', '2019-04-14 09:08:10', 1, 'Psikologi,Motivasi', 'tips-untuk-menemukan-passion-anda', 1, 4, 1),
(3, '5 Alasan kenapa Anda perlu berbuat baik', '', '<p>Ini adalah artikel konten Ini adalah artikel konten Ini adalah artikel konten Ini adalah artikel konten Ini adalah artikel konten Ini adalah artikel konten.</p><p style=\"outline: 0px !important;\">Ini adalah artikel konten Ini adalah artikel konten Ini adalah artikel konten Ini adalah artikel konten Ini adalah artikel konten.</p><p>Ini adalah artikel konten Ini adalah artikel konten Ini adalah artikel konten Ini adalah artikel konten Ini adalah artikel konten Ini adalah artikel konten.</p><p>Ini adalah artikel konten Ini adalah artikel konten Ini adalah artikel konten Ini adalah artikel konten Ini adalah artikel konten Ini adalah artikel konten Ini adalah artikel konten Ini adalah artikel konten Ini adalah artikel konten Ini adalah artikel konten.</p><h3 style=\"font-family: \" open=\"\" sans\",=\"\" sans-serif;=\"\" color:=\"\" rgb(78,=\"\" 94,=\"\" 106);\"=\"\">Ini adalah Sub Heading&nbsp;</h3><p>Ini adalah artikel konten Ini adalah artikel konten Ini adalah artikel konten Ini adalah artikel konten Ini adalah artikel konten Ini adalah artikel konten Ini adalah artikel konten Ini adalah artikel konten Ini adalah artikel konten Ini adalah artikel konten.</p><p>Ini adalah artikel konten Ini adalah artikel konten Ini adalah artikel konten Ini adalah artikel konten Ini adalah artikel konten Ini adalah artikel konten Ini adalah artikel konten Ini adalah artikel konten Ini adalah artikel konten Ini adalah artikel konten.</p><p>Ini adalah artikel konten Ini adalah artikel konten Ini adalah artikel konten Ini adalah artikel konten Ini adalah artikel konten Ini adalah artikel konten Ini adalah artikel konten Ini adalah artikel konten Ini adalah artikel konten Ini adalah artikel konten.</p><p>Ini adalah artikel konten Ini adalah artikel konten Ini adalah artikel konten Ini adalah artikel konten Ini adalah artikel konten Ini adalah artikel konten Ini adalah artikel konten Ini adalah artikel konten Ini adalah artikel konten Ini adalah artikel konten.</p><p>Ini adalah artikel konten Ini adalah artikel konten Ini adalah artikel konten Ini adalah artikel konten Ini adalah artikel konten Ini adalah artikel konten Ini adalah artikel konten Ini adalah artikel konten Ini adalah artikel konten Ini adalah artikel konten.</p><p>Ini adalah artikel konten Ini adalah artikel konten Ini adalah artikel konten Ini adalah artikel konten Ini adalah artikel konten Ini adalah artikel konten Ini adalah artikel konten Ini adalah artikel konten Ini adalah artikel konten Ini adalah artikel konten.</p>', 'a06ae9341405a292ae12b67ed85dc1dc.jpg', '2019-04-05 12:25:13', '2019-04-14 09:08:51', 2, 'Psikologi,Motivasi,Kesehatan', '5-alasan-kenapa-anda-perlu-berbuat-baik', 1, 6, 1),
(4, '7 Tips untuk meningkatkan pendapatan Anda', '', '<p>Ini adalah artikel konten Ini adalah artikel konten Ini adalah artikel konten Ini adalah artikel konten Ini adalah artikel konten Ini adalah artikel konten.</p><p style=\"outline: 0px !important;\">Ini adalah artikel konten Ini adalah artikel konten Ini adalah artikel konten Ini adalah artikel konten Ini adalah artikel konten.</p><p>Ini adalah artikel konten Ini adalah artikel konten Ini adalah artikel konten Ini adalah artikel konten Ini adalah artikel konten Ini adalah artikel konten.</p><p>Ini adalah artikel konten Ini adalah artikel konten Ini adalah artikel konten Ini adalah artikel konten Ini adalah artikel konten Ini adalah artikel konten Ini adalah artikel konten Ini adalah artikel konten Ini adalah artikel konten Ini adalah artikel konten.</p><h3 style=\"font-family: \" open=\"\" sans\",=\"\" sans-serif;=\"\" color:=\"\" rgb(78,=\"\" 94,=\"\" 106);\"=\"\">Ini adalah Sub Heading&nbsp;</h3><p>Ini adalah artikel konten Ini adalah artikel konten Ini adalah artikel konten Ini adalah artikel konten Ini adalah artikel konten Ini adalah artikel konten Ini adalah artikel konten Ini adalah artikel konten Ini adalah artikel konten Ini adalah artikel konten.</p><p>Ini adalah artikel konten Ini adalah artikel konten Ini adalah artikel konten Ini adalah artikel konten Ini adalah artikel konten Ini adalah artikel konten Ini adalah artikel konten Ini adalah artikel konten Ini adalah artikel konten Ini adalah artikel konten.</p><p style=\"outline: 0px !important;\">Ini adalah artikel konten Ini adalah artikel konten Ini adalah artikel konten Ini adalah artikel konten Ini adalah artikel konten Ini adalah artikel konten Ini adalah artikel konten Ini adalah artikel konten Ini adalah artikel konten Ini adalah artikel konten.</p><p>Ini adalah artikel konten Ini adalah artikel konten Ini adalah artikel konten Ini adalah artikel konten Ini adalah artikel konten Ini adalah artikel konten Ini adalah artikel konten Ini adalah artikel konten Ini adalah artikel konten Ini adalah artikel konten.</p><p>Ini adalah artikel konten Ini adalah artikel konten Ini adalah artikel konten Ini adalah artikel konten Ini adalah artikel konten Ini adalah artikel konten Ini adalah artikel konten Ini adalah artikel konten Ini adalah artikel konten Ini adalah artikel konten.</p><p>Ini adalah artikel konten Ini adalah artikel konten Ini adalah artikel konten Ini adalah artikel konten Ini adalah artikel konten Ini adalah artikel konten Ini adalah artikel konten Ini adalah artikel konten Ini adalah artikel konten Ini adalah artikel konten.</p>', '9a734ed5d107f0f378da0a1e13dfc92e.jpg', '2019-04-05 12:26:55', '2019-04-14 09:09:16', 3, 'Teknologi,Motivasi', 'tips-untuk-meningkatkan-pendapatan-anda', 1, 7, 1),
(5, '5 Alasan kenapa Anda harus mengajar', '', '<p>Ini adalah artikel konten Ini adalah artikel konten Ini adalah artikel konten Ini adalah artikel konten Ini adalah artikel konten Ini adalah artikel konten.</p><p style=\"outline: 0px !important;\">Ini adalah artikel konten Ini adalah artikel konten Ini adalah artikel konten Ini adalah artikel konten Ini adalah artikel konten.</p><p>Ini adalah artikel konten Ini adalah artikel konten Ini adalah artikel konten Ini adalah artikel konten Ini adalah artikel konten Ini adalah artikel konten.</p><p>Ini adalah artikel konten Ini adalah artikel konten Ini adalah artikel konten Ini adalah artikel konten Ini adalah artikel konten Ini adalah artikel konten Ini adalah artikel konten Ini adalah artikel konten Ini adalah artikel konten Ini adalah artikel konten.</p><h3 style=\"font-family: \" open=\"\" sans\",=\"\" sans-serif;=\"\" color:=\"\" rgb(78,=\"\" 94,=\"\" 106);\"=\"\">Ini adalah Sub Heading&nbsp;</h3><p style=\"outline: 0px !important;\">Ini adalah artikel konten Ini adalah artikel konten Ini adalah artikel konten Ini adalah artikel konten Ini adalah artikel konten Ini adalah artikel konten Ini adalah artikel konten Ini adalah artikel konten Ini adalah artikel konten Ini adalah artikel konten.</p><p>Ini adalah artikel konten Ini adalah artikel konten Ini adalah artikel konten Ini adalah artikel konten Ini adalah artikel konten Ini adalah artikel konten Ini adalah artikel konten Ini adalah artikel konten Ini adalah artikel konten Ini adalah artikel konten.</p><p style=\"outline: 0px !important;\">Ini adalah artikel konten Ini adalah artikel konten Ini adalah artikel konten Ini adalah artikel konten Ini adalah artikel konten Ini adalah artikel konten Ini adalah artikel konten Ini adalah artikel konten Ini adalah artikel konten Ini adalah artikel konten.</p><p>Ini adalah artikel konten Ini adalah artikel konten Ini adalah artikel konten Ini adalah artikel konten Ini adalah artikel konten Ini adalah artikel konten Ini adalah artikel konten Ini adalah artikel konten Ini adalah artikel konten Ini adalah artikel konten.</p><p>Ini adalah artikel konten Ini adalah artikel konten Ini adalah artikel konten Ini adalah artikel konten Ini adalah artikel konten Ini adalah artikel konten Ini adalah artikel konten Ini adalah artikel konten Ini adalah artikel konten Ini adalah artikel konten.</p><p>Ini adalah artikel konten Ini adalah artikel konten Ini adalah artikel konten Ini adalah artikel konten Ini adalah artikel konten Ini adalah artikel konten Ini adalah artikel konten Ini adalah artikel konten Ini adalah artikel konten Ini adalah artikel konten.</p>', 'c534b8d570a496102d49262217195a50.jpeg', '2019-04-05 12:28:19', '2019-04-14 09:10:03', 2, 'Psikologi,Motivasi', 'alasan-kenapa-anda-harus-mengajar', 1, 5, 1),
(6, '3 Rahasia Manajemen Waktu', '', '<p>Ini adalah artikel konten Ini adalah artikel konten Ini adalah artikel konten Ini adalah artikel konten Ini adalah artikel konten Ini adalah artikel konten.</p><p style=\"outline: 0px !important;\">Ini adalah artikel konten Ini adalah artikel konten Ini adalah artikel konten Ini adalah artikel konten Ini adalah artikel konten.</p><p>Ini adalah artikel konten Ini adalah artikel konten Ini adalah artikel konten Ini adalah artikel konten Ini adalah artikel konten Ini adalah artikel konten.</p><p>Ini adalah artikel konten Ini adalah artikel konten Ini adalah artikel konten Ini adalah artikel konten Ini adalah artikel konten Ini adalah artikel konten Ini adalah artikel konten Ini adalah artikel konten Ini adalah artikel konten Ini adalah artikel konten.</p><h3 style=\"font-family: \" open=\"\" sans\",=\"\" sans-serif;=\"\" color:=\"\" rgb(78,=\"\" 94,=\"\" 106);\"=\"\">Ini adalah Sub Heading&nbsp;</h3><p style=\"outline: 0px !important;\">Ini adalah artikel konten Ini adalah artikel konten Ini adalah artikel konten Ini adalah artikel konten Ini adalah artikel konten Ini adalah artikel konten Ini adalah artikel konten Ini adalah artikel konten Ini adalah artikel konten Ini adalah artikel konten.</p><p>Ini adalah artikel konten Ini adalah artikel konten Ini adalah artikel konten Ini adalah artikel konten Ini adalah artikel konten Ini adalah artikel konten Ini adalah artikel konten Ini adalah artikel konten Ini adalah artikel konten Ini adalah artikel konten.</p><p style=\"outline: 0px !important;\">Ini adalah artikel konten Ini adalah artikel konten Ini adalah artikel konten Ini adalah artikel konten Ini adalah artikel konten Ini adalah artikel konten Ini adalah artikel konten Ini adalah artikel konten Ini adalah artikel konten Ini adalah artikel konten.</p><p>Ini adalah artikel konten Ini adalah artikel konten Ini adalah artikel konten Ini adalah artikel konten Ini adalah artikel konten Ini adalah artikel konten Ini adalah artikel konten Ini adalah artikel konten Ini adalah artikel konten Ini adalah artikel konten.</p><p>Ini adalah artikel konten Ini adalah artikel konten Ini adalah artikel konten Ini adalah artikel konten Ini adalah artikel konten Ini adalah artikel konten Ini adalah artikel konten Ini adalah artikel konten Ini adalah artikel konten Ini adalah artikel konten.</p><p>Ini adalah artikel konten Ini adalah artikel konten Ini adalah artikel konten Ini adalah artikel konten Ini adalah artikel konten Ini adalah artikel konten Ini adalah artikel konten Ini adalah artikel konten Ini adalah artikel konten Ini adalah artikel konten.</p>', 'ee094df754cba6976747236e74949a43.jpg', '2019-04-05 13:05:56', '2019-04-14 09:10:15', 3, 'Psikologi,Motivasi', 'rahasia-manajemen-waktu', 1, 13, 1),
(7, '3 Teknik Efektif Membaca Cepat', '', '<p>Ini adalah artikel konten Ini adalah artikel konten Ini adalah \r\nartikel konten Ini adalah artikel konten Ini adalah artikel konten Ini \r\nadalah artikel konten.</p><p style=\"outline: 0px !important;\">Ini adalah\r\n artikel konten Ini adalah artikel konten Ini adalah artikel konten Ini \r\nadalah artikel konten Ini adalah artikel konten.</p><p>Ini adalah \r\nartikel konten Ini adalah artikel konten Ini adalah artikel konten Ini \r\nadalah artikel konten Ini adalah artikel konten Ini adalah artikel \r\nkonten.</p><p>Ini adalah artikel konten Ini adalah artikel konten Ini \r\nadalah artikel konten Ini adalah artikel konten Ini adalah artikel \r\nkonten Ini adalah artikel konten Ini adalah artikel konten Ini adalah \r\nartikel konten Ini adalah artikel konten Ini adalah artikel konten.</p><h3 style=\"font-family: \" open=\"\">Ini adalah Sub Heading&nbsp;</h3><p style=\"outline: 0px !important;\">Ini\r\n adalah artikel konten Ini adalah artikel konten Ini adalah artikel \r\nkonten Ini adalah artikel konten Ini adalah artikel konten Ini adalah \r\nartikel konten Ini adalah artikel konten Ini adalah artikel konten Ini \r\nadalah artikel konten Ini adalah artikel konten.</p><p>Ini adalah \r\nartikel konten Ini adalah artikel konten Ini adalah artikel konten Ini \r\nadalah artikel konten Ini adalah artikel konten Ini adalah artikel \r\nkonten Ini adalah artikel konten Ini adalah artikel konten Ini adalah \r\nartikel konten Ini adalah artikel konten.</p><p style=\"outline: 0px !important;\">Ini\r\n adalah artikel konten Ini adalah artikel konten Ini adalah artikel \r\nkonten Ini adalah artikel konten Ini adalah artikel konten Ini adalah \r\nartikel konten Ini adalah artikel konten Ini adalah artikel konten Ini \r\nadalah artikel konten Ini adalah artikel konten.</p><p>Ini adalah \r\nartikel konten Ini adalah artikel konten Ini adalah artikel konten Ini \r\nadalah artikel konten Ini adalah artikel konten Ini adalah artikel \r\nkonten Ini adalah artikel konten Ini adalah artikel konten Ini adalah \r\nartikel konten Ini adalah artikel konten.</p><p>Ini adalah artikel \r\nkonten Ini adalah artikel konten Ini adalah artikel konten Ini adalah \r\nartikel konten Ini adalah artikel konten Ini adalah artikel konten Ini \r\nadalah artikel konten Ini adalah artikel konten Ini adalah artikel \r\nkonten Ini adalah artikel konten.</p><p>Ini adalah artikel konten Ini \r\nadalah artikel konten Ini adalah artikel konten Ini adalah artikel \r\nkonten Ini adalah artikel konten Ini adalah artikel konten Ini adalah \r\nartikel konten Ini adalah artikel konten Ini adalah artikel konten Ini \r\nadalah artikel konten.</p>', 'b69bd34db0726b6cf7747a816c99254f.jpg', '2020-01-12 04:30:20', NULL, 1, 'Psikologi,Motivasi', '3-teknik-efektif-membaca-cepat', 1, 0, 1),
(8, '7 Cara Efektif Mengatasi Kegagalan dan Hidup', '', '<p>Ini adalah artikel konten Ini adalah artikel konten Ini adalah \r\nartikel konten Ini adalah artikel konten Ini adalah artikel konten Ini \r\nadalah artikel konten.</p><p style=\"outline: 0px !important;\">Ini adalah\r\n artikel konten Ini adalah artikel konten Ini adalah artikel konten Ini \r\nadalah artikel konten Ini adalah artikel konten.</p><p>Ini adalah \r\nartikel konten Ini adalah artikel konten Ini adalah artikel konten Ini \r\nadalah artikel konten Ini adalah artikel konten Ini adalah artikel \r\nkonten.</p><p>Ini adalah artikel konten Ini adalah artikel konten Ini \r\nadalah artikel konten Ini adalah artikel konten Ini adalah artikel \r\nkonten Ini adalah artikel konten Ini adalah artikel konten Ini adalah \r\nartikel konten Ini adalah artikel konten Ini adalah artikel konten.</p><h3 style=\"font-family: \" open=\"\">Ini adalah Sub Heading&nbsp;</h3><p style=\"outline: 0px !important;\">Ini\r\n adalah artikel konten Ini adalah artikel konten Ini adalah artikel \r\nkonten Ini adalah artikel konten Ini adalah artikel konten Ini adalah \r\nartikel konten Ini adalah artikel konten Ini adalah artikel konten Ini \r\nadalah artikel konten Ini adalah artikel konten.</p><p>Ini adalah \r\nartikel konten Ini adalah artikel konten Ini adalah artikel konten Ini \r\nadalah artikel konten Ini adalah artikel konten Ini adalah artikel \r\nkonten Ini adalah artikel konten Ini adalah artikel konten Ini adalah \r\nartikel konten Ini adalah artikel konten.</p><p style=\"outline: 0px !important;\">Ini\r\n adalah artikel konten Ini adalah artikel konten Ini adalah artikel \r\nkonten Ini adalah artikel konten Ini adalah artikel konten Ini adalah \r\nartikel konten Ini adalah artikel konten Ini adalah artikel konten Ini \r\nadalah artikel konten Ini adalah artikel konten.</p><p>Ini adalah \r\nartikel konten Ini adalah artikel konten Ini adalah artikel konten Ini \r\nadalah artikel konten Ini adalah artikel konten Ini adalah artikel \r\nkonten Ini adalah artikel konten Ini adalah artikel konten Ini adalah \r\nartikel konten Ini adalah artikel konten.</p><p>Ini adalah artikel \r\nkonten Ini adalah artikel konten Ini adalah artikel konten Ini adalah \r\nartikel konten Ini adalah artikel konten Ini adalah artikel konten Ini \r\nadalah artikel konten Ini adalah artikel konten Ini adalah artikel \r\nkonten Ini adalah artikel konten.</p><p>Ini adalah artikel konten Ini \r\nadalah artikel konten Ini adalah artikel konten Ini adalah artikel \r\nkonten Ini adalah artikel konten Ini adalah artikel konten Ini adalah \r\nartikel konten Ini adalah artikel konten Ini adalah artikel konten Ini \r\nadalah artikel konten.</p>', '6233b3b0a8283ff2945802e2b876075e.jpg', '2020-01-12 04:32:01', NULL, 2, 'Psikologi,Motivasi', '7-cara-efektif-mengatasi-kegagalan-dan-hidup', 1, 0, 1),
(9, '4 Cara Menjadi Lebih Aktif dalam Belajar', '', '<p>Ini adalah artikel konten Ini adalah artikel konten Ini adalah \r\nartikel konten Ini adalah artikel konten Ini adalah artikel konten Ini \r\nadalah artikel konten.</p><p style=\"outline: 0px !important;\">Ini adalah\r\n artikel konten Ini adalah artikel konten Ini adalah artikel konten Ini \r\nadalah artikel konten Ini adalah artikel konten.</p><p>Ini adalah \r\nartikel konten Ini adalah artikel konten Ini adalah artikel konten Ini \r\nadalah artikel konten Ini adalah artikel konten Ini adalah artikel \r\nkonten.</p><p>Ini adalah artikel konten Ini adalah artikel konten Ini \r\nadalah artikel konten Ini adalah artikel konten Ini adalah artikel \r\nkonten Ini adalah artikel konten Ini adalah artikel konten Ini adalah \r\nartikel konten Ini adalah artikel konten Ini adalah artikel konten.</p><h3 style=\"font-family: \" open=\"\">Ini adalah Sub Heading&nbsp;</h3><p style=\"outline: 0px !important;\">Ini\r\n adalah artikel konten Ini adalah artikel konten Ini adalah artikel \r\nkonten Ini adalah artikel konten Ini adalah artikel konten Ini adalah \r\nartikel konten Ini adalah artikel konten Ini adalah artikel konten Ini \r\nadalah artikel konten Ini adalah artikel konten.</p><p>Ini adalah \r\nartikel konten Ini adalah artikel konten Ini adalah artikel konten Ini \r\nadalah artikel konten Ini adalah artikel konten Ini adalah artikel \r\nkonten Ini adalah artikel konten Ini adalah artikel konten Ini adalah \r\nartikel konten Ini adalah artikel konten.</p><p style=\"outline: 0px !important;\">Ini\r\n adalah artikel konten Ini adalah artikel konten Ini adalah artikel \r\nkonten Ini adalah artikel konten Ini adalah artikel konten Ini adalah \r\nartikel konten Ini adalah artikel konten Ini adalah artikel konten Ini \r\nadalah artikel konten Ini adalah artikel konten.</p><p>Ini adalah \r\nartikel konten Ini adalah artikel konten Ini adalah artikel konten Ini \r\nadalah artikel konten Ini adalah artikel konten Ini adalah artikel \r\nkonten Ini adalah artikel konten Ini adalah artikel konten Ini adalah \r\nartikel konten Ini adalah artikel konten.</p><p>Ini adalah artikel \r\nkonten Ini adalah artikel konten Ini adalah artikel konten Ini adalah \r\nartikel konten Ini adalah artikel konten Ini adalah artikel konten Ini \r\nadalah artikel konten Ini adalah artikel konten Ini adalah artikel \r\nkonten Ini adalah artikel konten.</p><p>Ini adalah artikel konten Ini \r\nadalah artikel konten Ini adalah artikel konten Ini adalah artikel \r\nkonten Ini adalah artikel konten Ini adalah artikel konten Ini adalah \r\nartikel konten Ini adalah artikel konten Ini adalah artikel konten Ini \r\nadalah artikel konten.</p>', 'ec77cde530b2eb464b9add2c31316b10.jpg', '2020-01-12 04:34:01', NULL, 1, 'Psikologi,Motivasi', '4-cara-menjadi-lebih-aktif-dalam-belajar', 1, 1, 1);

-- --------------------------------------------------------

--
-- Table structure for table `tbl_post_views`
--

CREATE TABLE `tbl_post_views` (
  `view_id` int(11) NOT NULL,
  `view_date` timestamp NULL DEFAULT current_timestamp(),
  `view_ip` varchar(50) DEFAULT NULL,
  `view_post_id` int(11) DEFAULT NULL
) ENGINE=InnoDB DEFAULT CHARSET=latin1;

--
-- Dumping data for table `tbl_post_views`
--

INSERT INTO `tbl_post_views` (`view_id`, `view_date`, `view_ip`, `view_post_id`) VALUES
(1, '2019-04-06 13:33:39', '::1', 6),
(2, '2019-04-06 23:04:18', '::1', 6),
(3, '2019-04-07 03:32:54', '::1', 5),
(4, '2019-04-07 03:33:14', '::1', 4),
(5, '2019-04-07 04:03:50', '::1', 3),
(6, '2019-04-09 12:19:36', '::1', 6),
(7, '2019-04-09 13:28:30', '::1', 4),
(8, '2019-04-10 01:33:10', '::1', 5),
(9, '2019-04-10 10:00:27', '::1', 2),
(10, '2019-04-10 10:58:17', '::1', 1),
(11, '2019-04-10 13:20:32', '::1', 3),
(12, '2019-04-10 13:20:46', '::1', 6),
(13, '2019-04-11 03:32:18', '::1', 6),
(14, '2019-04-11 04:24:22', '::1', 4),
(15, '2019-04-11 07:58:35', '::1', 2),
(16, '2019-04-12 04:23:04', '::1', 6),
(17, '2019-04-12 10:09:30', '::1', 5),
(18, '2019-04-13 01:42:27', '::1', 6),
(19, '2019-04-13 02:01:01', '::1', 5),
(20, '2019-04-13 02:01:18', '::1', 3),
(21, '2019-04-13 03:23:34', '::1', 4),
(22, '2019-04-14 01:39:17', '::1', 1),
(23, '2019-04-14 03:24:24', '::1', 3),
(24, '2019-04-14 04:08:24', '::1', 2),
(25, '2019-04-15 03:44:42', '::1', 6),
(26, '2019-12-19 02:28:13', '::1', 6),
(27, '2019-12-19 02:29:33', '::1', 7),
(28, '2019-12-28 03:44:29', '::1', 7),
(29, '2019-12-28 07:44:18', '::1', 3),
(30, '2019-12-28 07:44:24', '::1', 2),
(31, '2019-12-28 08:06:56', '::1', 6),
(32, '2019-12-30 03:36:11', '::1', 4),
(33, '2019-12-30 04:21:54', '::1', 7),
(34, '2019-12-31 02:54:27', '::1', 4),
(35, '2019-12-31 02:58:04', '::1', 7),
(36, '2019-12-31 02:59:37', '::1', 1),
(37, '2019-12-31 03:58:35', '::1', 6),
(38, '2020-01-01 02:54:01', '::1', 7),
(39, '2020-01-01 03:19:14', '::1', 6),
(40, '2020-01-02 02:05:56', '::1', 4),
(41, '2020-01-02 03:16:32', '::1', 7),
(42, '2020-01-02 03:24:37', '::1', 1),
(43, '2020-01-03 03:20:23', '::1', 3),
(44, '2020-01-03 03:21:18', '::1', 6),
(45, '2020-01-03 04:03:10', '::1', 7),
(46, '2020-01-04 03:59:33', '::1', 5),
(47, '2020-01-04 04:04:33', '::1', 11),
(48, '2020-01-04 04:06:22', '::1', 10),
(49, '2020-01-04 04:23:16', '::1', 16),
(50, '2020-01-04 05:51:45', '::1', 15),
(51, '2020-01-07 03:12:53', '::1', 15),
(52, '2020-01-12 04:42:18', '::1', 9);

-- --------------------------------------------------------

--
-- Table structure for table `tbl_site`
--

CREATE TABLE `tbl_site` (
  `site_id` int(11) NOT NULL,
  `site_name` varchar(100) DEFAULT NULL,
  `site_title` varchar(200) DEFAULT NULL,
  `site_description` text DEFAULT NULL,
  `site_favicon` varchar(50) DEFAULT NULL,
  `site_logo_header` varchar(50) DEFAULT NULL,
  `site_logo_footer` varchar(50) DEFAULT NULL,
  `site_logo_big` varchar(50) DEFAULT NULL,
  `site_facebook` varchar(150) DEFAULT NULL,
  `site_twitter` varchar(150) DEFAULT NULL,
  `site_instagram` varchar(150) DEFAULT NULL,
  `site_pinterest` varchar(150) DEFAULT NULL,
  `site_linkedin` varchar(150) DEFAULT NULL
) ENGINE=InnoDB DEFAULT CHARSET=latin1;

--
-- Dumping data for table `tbl_site`
--

INSERT INTO `tbl_site` (`site_id`, `site_name`, `site_title`, `site_description`, `site_favicon`, `site_logo_header`, `site_logo_footer`, `site_logo_big`, `site_facebook`, `site_twitter`, `site_instagram`, `site_pinterest`, `site_linkedin`) VALUES
(1, 'MBLOG', 'MBLOG - Source Code untuk Blogger', 'Open Source source code untuk personal blog, simple, elegan, full responsif, dan mudah di customize.  ', 'favicon.png', 'logo-black.png', 'favicon.png', 'LOGO-BIG.png', 'https://www.facebook.com/mfikridotcom/', 'https://twitter.com/MFikri75770694/', 'https://www.instagram.com/mfikricom/', 'https://id.pinterest.com/mfikricom/', 'https://www.linkedin.com/in/m-fikri-setiadi-b03370148/');

-- --------------------------------------------------------

--
-- Table structure for table `tbl_subscribe`
--

CREATE TABLE `tbl_subscribe` (
  `subscribe_id` int(11) NOT NULL,
  `subscribe_email` varchar(100) DEFAULT NULL,
  `subscribe_created_at` timestamp NULL DEFAULT current_timestamp(),
  `subscribe_status` int(11) DEFAULT 0,
  `subscribe_rating` int(11) DEFAULT 0
) ENGINE=InnoDB DEFAULT CHARSET=latin1;

--
-- Dumping data for table `tbl_subscribe`
--

INSERT INTO `tbl_subscribe` (`subscribe_id`, `subscribe_email`, `subscribe_created_at`, `subscribe_status`, `subscribe_rating`) VALUES
(1, 'fikrifiver97@gmail.com', '2019-04-11 07:40:16', 1, 1),
(3, 'porthere@gmail.com', '2019-04-11 07:57:28', 1, 0),
(4, 'mufty@gmail.com', '2019-04-11 07:58:44', 0, 0),
(5, 'qadalm@gmail.com', '2019-12-28 03:06:50', 0, 0);

-- --------------------------------------------------------

--
-- Table structure for table `tbl_tags`
--

CREATE TABLE `tbl_tags` (
  `tag_id` int(11) NOT NULL,
  `tag_name` varchar(200) DEFAULT NULL
) ENGINE=InnoDB DEFAULT CHARSET=latin1;

--
-- Dumping data for table `tbl_tags`
--

INSERT INTO `tbl_tags` (`tag_id`, `tag_name`) VALUES
(1, 'Teknologi'),
(2, 'Psikologi'),
(3, 'Motivasi'),
(4, 'Kesehatan');

-- --------------------------------------------------------

--
-- Table structure for table `tbl_testimonial`
--

CREATE TABLE `tbl_testimonial` (
  `testimonial_id` int(11) NOT NULL,
  `testimonial_name` varchar(50) DEFAULT NULL,
  `testimonial_content` text DEFAULT NULL,
  `testimonial_image` varchar(50) DEFAULT NULL,
  `testimonial_created_at` timestamp NULL DEFAULT current_timestamp()
) ENGINE=InnoDB DEFAULT CHARSET=latin1;

--
-- Dumping data for table `tbl_testimonial`
--

INSERT INTO `tbl_testimonial` (`testimonial_id`, `testimonial_name`, `testimonial_content`, `testimonial_image`, `testimonial_created_at`) VALUES
(1, 'M Fikri, Founder of mfikri.com', 'Ini adalah source code yang luar biasa. simple, elegan, full responsif, cepat, dan mudah di customize oleh web developer pemula.', 'b4d8e2b191213f72dc41ce768b03b2d9.png', '2020-01-03 03:31:51');

-- --------------------------------------------------------

--
-- Table structure for table `tbl_user`
--

CREATE TABLE `tbl_user` (
  `user_id` int(11) NOT NULL,
  `user_name` varchar(100) DEFAULT NULL,
  `user_email` varchar(60) DEFAULT NULL,
  `user_password` varchar(40) DEFAULT NULL,
  `user_level` varchar(10) DEFAULT NULL,
  `user_status` varchar(10) DEFAULT '1',
  `user_photo` varchar(40) DEFAULT NULL
) ENGINE=InnoDB DEFAULT CHARSET=latin1;

--
-- Dumping data for table `tbl_user`
--

INSERT INTO `tbl_user` (`user_id`, `user_name`, `user_email`, `user_password`, `user_level`, `user_status`, `user_photo`) VALUES
(1, 'M Fikri', 'admin@gmail.com', 'e10adc3949ba59abbe56e057f20f883e', '1', '1', 'fcee14ca639c3ca3c5b93b7c7fc70ba2.png'),
(3, 'Dickyfli Perdana Putra', 'muaralembu11@gmail.com', '4d5c63dd7149de9360248f633effa069', '1', '1', '88ec8f45887708961249d88ef7bf3045.jpg'),
(4, 'Berto Juni Kristanto', 'bertojuni@gmail.com', 'e10adc3949ba59abbe56e057f20f883e', '1', '1', NULL),
(5, '', '', 'd41d8cd98f00b204e9800998ecf8427e', '', '1', NULL);

-- --------------------------------------------------------

--
-- Table structure for table `tbl_visitors`
--

CREATE TABLE `tbl_visitors` (
  `visit_id` int(11) NOT NULL,
  `visit_date` timestamp NULL DEFAULT current_timestamp(),
  `visit_ip` varchar(50) DEFAULT NULL,
  `visit_platform` varchar(100) DEFAULT NULL
) ENGINE=InnoDB DEFAULT CHARSET=latin1;

--
-- Dumping data for table `tbl_visitors`
--

INSERT INTO `tbl_visitors` (`visit_id`, `visit_date`, `visit_ip`, `visit_platform`) VALUES
(541327, '2019-03-18 14:07:36', '::1', 'Firefox'),
(541328, '2019-03-19 03:33:51', '::1', 'Chrome'),
(541329, '2019-03-20 01:00:19', '::1', 'Chrome'),
(541330, '2019-04-05 01:53:28', '::1', 'Firefox'),
(541331, '2019-04-06 01:37:35', '::1', 'Chrome'),
(541332, '2019-04-06 23:04:12', '::1', 'Chrome'),
(541333, '2019-04-09 12:19:32', '::1', 'Chrome'),
(541334, '2019-04-10 01:33:03', '::1', 'Chrome'),
(541335, '2019-04-11 03:30:38', '::1', 'Chrome'),
(541336, '2019-04-11 03:30:38', '::1', 'Chrome'),
(541337, '2019-04-12 03:51:42', '::1', 'Chrome'),
(541338, '2019-04-12 21:55:51', '::1', 'Chrome'),
(541339, '2019-04-14 01:30:40', '::1', 'Chrome'),
(541340, '2019-04-15 01:42:53', '::1', 'Chrome'),
(541341, '2019-05-08 02:07:09', '::1', 'Chrome'),
(541342, '2019-05-21 05:55:14', '::1', 'Firefox'),
(541343, '2019-08-28 07:08:22', '::1', 'Firefox'),
(541344, '2019-12-17 06:04:57', '::1', 'Firefox'),
(541345, '2019-12-18 01:34:25', '::1', 'Firefox'),
(541346, '2019-12-19 02:21:23', '::1', 'Firefox'),
(541347, '2019-12-20 07:47:00', '::1', 'Firefox'),
(541348, '2019-12-28 02:58:34', '::1', 'Firefox'),
(541349, '2019-12-29 08:48:39', '::1', 'Firefox'),
(541350, '2019-12-30 03:24:04', '::1', 'Firefox'),
(541351, '2019-12-31 02:47:15', '::1', 'Firefox'),
(541352, '2020-01-01 02:24:55', '::1', 'Firefox'),
(541353, '2020-01-02 01:58:25', '::1', 'Firefox'),
(541354, '2020-01-03 03:15:30', '::1', 'Firefox'),
(541355, '2020-01-04 03:31:49', '::1', 'Firefox'),
(541356, '2020-01-05 06:58:35', '127.0.0.1', 'Firefox'),
(541357, '2020-01-06 06:03:25', '::1', 'Firefox'),
(541358, '2020-01-07 00:57:59', '::1', 'Firefox'),
(541359, '2020-01-08 05:53:44', '::1', 'Firefox'),
(541360, '2020-01-12 04:18:15', '::1', 'Firefox'),
(541361, '2020-09-17 08:54:15', '::1', 'Chrome'),
(541362, '2020-09-18 04:12:57', '::1', 'Chrome'),
(541363, '2020-09-18 17:00:28', '::1', 'Chrome'),
(541364, '2020-09-25 07:50:16', '::1', 'Chrome'),
(541365, '2020-09-25 17:07:52', '::1', 'Chrome'),
(541366, '2020-09-27 11:51:58', '::1', 'Chrome'),
(541367, '2020-09-28 02:19:25', '::1', 'Chrome'),
(541368, '2020-09-29 08:00:00', '::1', 'Chrome'),
(541369, '2020-09-30 05:04:17', '::1', 'Chrome'),
(541370, '2020-10-01 04:35:01', '::1', 'Chrome'),
(541371, '2020-10-03 17:23:52', '::1', 'Chrome');

--
-- Indexes for dumped tables
--

--
-- Indexes for table `tbl_about`
--
ALTER TABLE `tbl_about`
  ADD PRIMARY KEY (`about_id`);

--
-- Indexes for table `tbl_category`
--
ALTER TABLE `tbl_category`
  ADD PRIMARY KEY (`category_id`);

--
-- Indexes for table `tbl_comment`
--
ALTER TABLE `tbl_comment`
  ADD PRIMARY KEY (`comment_id`);

--
-- Indexes for table `tbl_domain`
--
ALTER TABLE `tbl_domain`
  ADD PRIMARY KEY (`id`);

--
-- Indexes for table `tbl_galery`
--
ALTER TABLE `tbl_galery`
  ADD PRIMARY KEY (`id_gambar`);

--
-- Indexes for table `tbl_home`
--
ALTER TABLE `tbl_home`
  ADD PRIMARY KEY (`home_id`);

--
-- Indexes for table `tbl_inbox`
--
ALTER TABLE `tbl_inbox`
  ADD PRIMARY KEY (`inbox_id`);

--
-- Indexes for table `tbl_navbar`
--
ALTER TABLE `tbl_navbar`
  ADD PRIMARY KEY (`navbar_id`);

--
-- Indexes for table `tbl_pemesanan_apps`
--
ALTER TABLE `tbl_pemesanan_apps`
  ADD PRIMARY KEY (`id_pesanan`);

--
-- Indexes for table `tbl_pemesanan_email_vps`
--
ALTER TABLE `tbl_pemesanan_email_vps`
  ADD PRIMARY KEY (`id_pesanan`);

--
-- Indexes for table `tbl_pemesanan_hosting_domain`
--
ALTER TABLE `tbl_pemesanan_hosting_domain`
  ADD PRIMARY KEY (`id_pesanan`);

--
-- Indexes for table `tbl_post`
--
ALTER TABLE `tbl_post`
  ADD PRIMARY KEY (`post_id`);

--
-- Indexes for table `tbl_post_views`
--
ALTER TABLE `tbl_post_views`
  ADD PRIMARY KEY (`view_id`);

--
-- Indexes for table `tbl_site`
--
ALTER TABLE `tbl_site`
  ADD PRIMARY KEY (`site_id`);

--
-- Indexes for table `tbl_subscribe`
--
ALTER TABLE `tbl_subscribe`
  ADD PRIMARY KEY (`subscribe_id`);

--
-- Indexes for table `tbl_tags`
--
ALTER TABLE `tbl_tags`
  ADD PRIMARY KEY (`tag_id`);

--
-- Indexes for table `tbl_testimonial`
--
ALTER TABLE `tbl_testimonial`
  ADD PRIMARY KEY (`testimonial_id`);

--
-- Indexes for table `tbl_user`
--
ALTER TABLE `tbl_user`
  ADD PRIMARY KEY (`user_id`);

--
-- Indexes for table `tbl_visitors`
--
ALTER TABLE `tbl_visitors`
  ADD PRIMARY KEY (`visit_id`);

--
-- AUTO_INCREMENT for dumped tables
--

--
-- AUTO_INCREMENT for table `tbl_about`
--
ALTER TABLE `tbl_about`
  MODIFY `about_id` int(11) NOT NULL AUTO_INCREMENT, AUTO_INCREMENT=2;

--
-- AUTO_INCREMENT for table `tbl_category`
--
ALTER TABLE `tbl_category`
  MODIFY `category_id` int(11) NOT NULL AUTO_INCREMENT, AUTO_INCREMENT=4;

--
-- AUTO_INCREMENT for table `tbl_comment`
--
ALTER TABLE `tbl_comment`
  MODIFY `comment_id` int(11) NOT NULL AUTO_INCREMENT, AUTO_INCREMENT=5;

--
-- AUTO_INCREMENT for table `tbl_domain`
--
ALTER TABLE `tbl_domain`
  MODIFY `id` int(200) NOT NULL AUTO_INCREMENT, AUTO_INCREMENT=158;

--
-- AUTO_INCREMENT for table `tbl_galery`
--
ALTER TABLE `tbl_galery`
  MODIFY `id_gambar` int(11) NOT NULL AUTO_INCREMENT, AUTO_INCREMENT=7;

--
-- AUTO_INCREMENT for table `tbl_home`
--
ALTER TABLE `tbl_home`
  MODIFY `home_id` int(11) NOT NULL AUTO_INCREMENT, AUTO_INCREMENT=2;

--
-- AUTO_INCREMENT for table `tbl_inbox`
--
ALTER TABLE `tbl_inbox`
  MODIFY `inbox_id` int(11) NOT NULL AUTO_INCREMENT, AUTO_INCREMENT=2;

--
-- AUTO_INCREMENT for table `tbl_navbar`
--
ALTER TABLE `tbl_navbar`
  MODIFY `navbar_id` int(11) NOT NULL AUTO_INCREMENT, AUTO_INCREMENT=13;

--
-- AUTO_INCREMENT for table `tbl_post`
--
ALTER TABLE `tbl_post`
  MODIFY `post_id` int(11) NOT NULL AUTO_INCREMENT, AUTO_INCREMENT=10;

--
-- AUTO_INCREMENT for table `tbl_post_views`
--
ALTER TABLE `tbl_post_views`
  MODIFY `view_id` int(11) NOT NULL AUTO_INCREMENT, AUTO_INCREMENT=53;

--
-- AUTO_INCREMENT for table `tbl_site`
--
ALTER TABLE `tbl_site`
  MODIFY `site_id` int(11) NOT NULL AUTO_INCREMENT, AUTO_INCREMENT=2;

--
-- AUTO_INCREMENT for table `tbl_subscribe`
--
ALTER TABLE `tbl_subscribe`
  MODIFY `subscribe_id` int(11) NOT NULL AUTO_INCREMENT, AUTO_INCREMENT=6;

--
-- AUTO_INCREMENT for table `tbl_tags`
--
ALTER TABLE `tbl_tags`
  MODIFY `tag_id` int(11) NOT NULL AUTO_INCREMENT, AUTO_INCREMENT=5;

--
-- AUTO_INCREMENT for table `tbl_testimonial`
--
ALTER TABLE `tbl_testimonial`
  MODIFY `testimonial_id` int(11) NOT NULL AUTO_INCREMENT, AUTO_INCREMENT=2;

--
-- AUTO_INCREMENT for table `tbl_user`
--
ALTER TABLE `tbl_user`
  MODIFY `user_id` int(11) NOT NULL AUTO_INCREMENT, AUTO_INCREMENT=6;

--
-- AUTO_INCREMENT for table `tbl_visitors`
--
ALTER TABLE `tbl_visitors`
  MODIFY `visit_id` int(11) NOT NULL AUTO_INCREMENT, AUTO_INCREMENT=541372;
COMMIT;

/*!40101 SET CHARACTER_SET_CLIENT=@OLD_CHARACTER_SET_CLIENT */;
/*!40101 SET CHARACTER_SET_RESULTS=@OLD_CHARACTER_SET_RESULTS */;
/*!40101 SET COLLATION_CONNECTION=@OLD_COLLATION_CONNECTION */;
